style,variant,step,metric,median,ci_lo,ci_hi,iqr_lo,iqr_hi,n_runs,wilcoxon_p
basemap-col,step-00-baseline,0,loadMs,335.5000,317.0500,361.8000,303.7500,396.3250,54,
basemap-col,step-00-baseline,0,fps,568.1769,526.4667,598.4572,407.0775,751.3847,54,
basemap-col,step-01-simplify_unary,1,loadMs,333.6000,311.2500,360.7000,305.8000,384.0250,54,0.951939
basemap-col,step-01-simplify_unary,1,fps,568.3183,512.0112,632.5910,432.0862,804.4933,54,0.315817
basemap-col,step-03-constant_fold,3,loadMs,338.0000,312.8500,354.2000,303.2750,384.2750,54,0.295496
basemap-col,step-03-constant_fold,3,fps,556.4325,513.3616,592.9001,431.2741,775.8091,54,0.614474
basemap-col,step-05-simplify_expressions,5,loadMs,312.4500,304.5000,356.6000,298.8500,386.2750,54,0.111183
basemap-col,step-05-simplify_expressions,5,fps,554.6771,536.4421,640.3609,465.8221,730.3844,54,0.345774
basemap-col,step-06-strip_defaults,6,loadMs,306.2500,291.8500,324.9500,288.0000,351.7000,54,0.000671
basemap-col,step-06-strip_defaults,6,fps,601.5951,575.2224,681.4227,488.7274,833.1443,54,0.008106
basemap-col,step-07-minify_colors,7,loadMs,321.7000,301.5000,333.8000,287.0000,346.5500,54,0.009863
basemap-col,step-07-minify_colors,7,fps,595.8727,579.4647,655.9495,507.1094,755.8965,54,0.029059
basemap-col,step-08-strip_metadata,8,loadMs,306.7500,301.0000,328.8500,296.2250,354.5750,54,0.003057
basemap-col,step-08-strip_metadata,8,fps,595.6612,572.7054,641.3515,497.7726,785.7606,54,0.102756
basemap-col,step-12-metadata_refinement_paint,12,loadMs,313.3500,297.0000,328.2000,287.0250,338.3500,54,0.002271
basemap-col,step-12-metadata_refinement_paint,12,fps,599.1906,573.7651,710.5055,474.2393,840.7702,54,0.058766
basemap-col,step-14-cleanup,14,loadMs,307.9000,298.2000,316.9000,287.2000,343.4000,54,0.001966
basemap-col,step-14-cleanup,14,fps,630.4211,604.4311,703.9078,518.9533,858.5745,54,0.001340
basemap-col,step-15-layer_merge,15,loadMs,316.4000,293.8000,328.9500,284.7750,345.6500,54,0.020084
basemap-col,step-15-layer_merge,15,fps,639.0672,556.7721,682.9311,509.0279,792.5940,54,0.009916
basemap-top,step-00-baseline,0,loadMs,494.5000,430.2000,510.1500,412.5750,562.9250,54,
basemap-top,step-00-baseline,0,fps,375.9499,341.4855,396.8330,271.8244,493.7972,54,
basemap-top,step-01-simplify_unary,1,loadMs,487.8000,434.8500,504.4000,404.7500,546.9250,54,0.453801
basemap-top,step-01-simplify_unary,1,fps,379.7722,355.0171,401.5755,286.0284,483.2395,54,0.584551
basemap-top,step-03-constant_fold,3,loadMs,482.9000,418.1000,511.4000,405.9000,526.2000,53,0.594217
basemap-top,step-03-constant_fold,3,fps,367.5747,339.1227,399.5218,271.1628,480.8808,53,0.982601
basemap-top,step-05-simplify_expressions,5,loadMs,475.6000,423.4000,498.6000,403.1750,530.9250,54,0.172341
basemap-top,step-05-simplify_expressions,5,fps,377.1373,356.7835,395.9320,272.9689,471.7486,54,0.720849
basemap-top,step-06-strip_defaults,6,loadMs,466.1000,427.9500,487.1500,410.9250,519.0500,54,0.019404
basemap-top,step-06-strip_defaults,6,fps,393.8563,368.7030,430.4711,293.8577,483.8062,54,0.043477
basemap-top,step-07-minify_colors,7,loadMs,487.9000,449.9500,515.8500,397.4000,552.5000,54,0.252141
basemap-top,step-07-minify_colors,7,fps,394.7807,365.8947,415.8941,279.5138,473.7210,54,0.538138
basemap-top,step-08-strip_metadata,8,loadMs,478.4000,421.9500,502.9000,400.6250,545.3500,54,0.223090
basemap-top,step-08-strip_metadata,8,fps,387.5211,361.8541,414.6558,294.4036,479.6987,54,0.482846
basemap-top,step-12-metadata_refinement_paint,12,loadMs,457.7500,416.4500,503.9500,397.8250,525.6250,54,0.293508
basemap-top,step-12-metadata_refinement_paint,12,fps,411.5454,374.1010,458.4307,307.0006,527.4619,54,0.142093
basemap-top,step-14-cleanup,14,loadMs,453.8000,420.9000,488.4500,397.2000,534.9750,54,0.051663
basemap-top,step-14-cleanup,14,fps,411.0681,373.3429,451.6978,336.6191,498.0332,54,0.229703
basemap-top,step-15-layer_merge,15,loadMs,466.0000,405.2000,499.1500,387.4500,544.2500,54,0.078274
basemap-top,step-15-layer_merge,15,fps,396.9110,362.4386,431.7456,318.3122,502.6268,54,0.287618
bright,step-00-baseline,0,loadMs,484.6000,433.2000,559.3000,361.6250,597.8000,54,
bright,step-00-baseline,0,fps,612.5306,560.2913,688.4994,480.3621,855.0959,54,
bright,step-01-simplify_unary,1,loadMs,492.8000,426.8000,555.1500,361.8750,602.2750,54,0.160474
bright,step-01-simplify_unary,1,fps,617.2532,556.4341,705.0191,480.9370,874.0513,54,0.048150
bright,step-05-simplify_expressions,5,loadMs,549.8500,477.7500,624.3500,363.8750,663.0500,54,0.000007
bright,step-05-simplify_expressions,5,fps,602.5603,548.8250,695.2471,468.8093,864.2296,54,0.832926
bright,step-06-strip_defaults,6,loadMs,573.3500,435.9500,623.1500,368.2750,664.5250,54,0.000001
bright,step-06-strip_defaults,6,fps,619.2344,562.6255,693.9333,481.6075,867.2033,54,0.934808
bright,step-07-minify_colors,7,loadMs,520.0000,439.8000,624.5000,361.2000,658.3250,54,0.000006
bright,step-07-minify_colors,7,fps,610.1794,561.3318,704.0919,471.3181,885.9429,54,0.934808
bright,step-15-layer_merge,15,loadMs,543.1500,462.0500,635.1000,368.0750,661.5750,54,0.000000
bright,step-15-layer_merge,15,fps,611.8253,545.1078,686.0805,474.1462,862.1114,54,0.682550
dark-matter,step-00-baseline,0,loadMs,394.0000,376.4500,420.1000,333.0250,445.8500,54,
dark-matter,step-00-baseline,0,fps,926.8507,856.7424,1117.8628,820.5299,1165.9112,54,
dark-matter,step-01-simplify_unary,1,loadMs,387.7500,359.0500,410.4000,342.8000,442.4250,54,0.059927
dark-matter,step-01-simplify_unary,1,fps,946.8609,837.5550,1108.8079,802.9381,1167.2047,54,0.543837
dark-matter,step-03-constant_fold,3,loadMs,387.8500,359.9000,406.3000,322.1250,430.5500,54,0.146828
dark-matter,step-03-constant_fold,3,fps,934.4476,860.0451,1099.5931,813.0247,1170.3372,54,0.766426
dark-matter,step-05-simplify_expressions,5,loadMs,374.2000,340.2000,397.0500,314.6000,418.2000,54,0.002509
dark-matter,step-05-simplify_expressions,5,fps,941.0195,847.8498,1098.1642,818.4343,1158.6972,54,0.246834
dark-matter,step-06-strip_defaults,6,loadMs,386.8000,338.7000,398.7000,325.5250,414.1000,54,0.000749
dark-matter,step-06-strip_defaults,6,fps,945.6552,865.4477,1075.6234,827.7448,1190.4267,54,0.819513
dark-matter,step-07-minify_colors,7,loadMs,383.8500,337.0000,407.7500,314.0750,421.1000,54,0.008528
dark-matter,step-07-minify_colors,7,fps,959.5877,882.3454,1075.5186,850.1992,1145.5544,54,0.368244
fiord,step-00-baseline,0,loadMs,374.8500,358.5000,389.4000,288.3250,439.6000,270,
fiord,step-00-baseline,0,fps,889.5745,852.9840,939.3514,747.8444,1117.6844,270,
fiord,step-01-simplify_unary,1,loadMs,375.3000,359.8500,389.8000,285.6500,437.2750,270,0.621260
fiord,step-01-simplify_unary,1,fps,897.1803,858.2597,929.3240,753.2473,1112.1362,270,0.609224
fiord,step-04-constant_fold_stats,4,loadMs,379.0000,364.6500,392.2000,288.2250,437.3500,270,0.798717
fiord,step-04-constant_fold_stats,4,fps,899.1947,856.4100,942.6628,758.0651,1121.3622,270,0.026984
fiord,step-05-simplify_expressions,5,loadMs,369.1000,358.1000,383.6500,285.7250,433.5250,270,0.000000
fiord,step-05-simplify_expressions,5,fps,903.8748,860.6688,934.1845,761.3228,1118.0948,270,0.000377
fiord,step-06-strip_defaults,6,loadMs,368.5500,357.8500,386.0000,285.8000,428.4250,270,0.000025
fiord,step-06-strip_defaults,6,fps,906.8992,876.8948,946.5781,759.9940,1124.4878,270,0.000394
fiord,step-07-minify_colors,7,loadMs,370.0000,360.5000,384.4500,282.4250,431.0000,270,0.000001
fiord,step-07-minify_colors,7,fps,897.5155,862.1406,936.9238,754.3901,1126.7145,270,0.001663
fiord,step-09-dead_elimination,9,loadMs,367.9500,357.0500,379.7000,282.5250,431.3750,270,0.000000
fiord,step-09-dead_elimination,9,fps,939.1781,892.4033,973.0407,773.5197,1163.4805,270,0.000000
fiord,step-12-metadata_refinement_paint,12,loadMs,370.1500,356.4500,383.5500,279.9750,429.4000,270,0.000000
fiord,step-12-metadata_refinement_paint,12,fps,941.9921,900.5010,969.9487,776.7307,1156.0561,270,0.000000
fiord,step-13-metadata_refinement_stats,13,loadMs,372.9500,359.8500,389.7000,281.9000,431.1750,270,0.000001
fiord,step-13-metadata_refinement_stats,13,fps,976.5680,958.1048,1029.2496,829.5493,1236.7281,270,0.000000
fiord,step-14-cleanup,14,loadMs,366.7000,349.0000,379.5500,278.9500,427.2500,270,0.000000
fiord,step-14-cleanup,14,fps,1020.2847,964.9385,1050.6762,843.3019,1246.0028,270,0.000000
fiord,step-15-layer_merge,15,loadMs,368.0000,355.5000,378.4500,278.4750,431.4000,270,0.000000
fiord,step-15-layer_merge,15,fps,1002.1362,954.0092,1041.7150,848.4184,1230.3762,270,0.000000
fiord,step-16-selectivity_reorder,16,loadMs,360.5000,352.1000,376.4500,281.8250,427.8000,270,0.000000
fiord,step-16-selectivity_reorder,16,fps,993.8487,948.4563,1055.7736,826.0277,1252.4416,270,0.000000
fiord,step-17-tile_shave_only,17,loadMs,113.3000,112.2000,114.2000,110.2000,116.8500,195,0.000000
fiord,step-17-tile_shave_only,17,fps,2429.8733,2380.8467,2472.0585,2157.4277,2602.7474,195,0.000000
fiord,step-18-tile_shave,18,loadMs,107.7000,107.0000,108.4000,104.7000,112.3000,270,0.000000
fiord,step-18-tile_shave,18,fps,2490.0625,2414.8165,2574.5539,2268.7190,2794.6189,270,0.000000
fiord,step-19-tile_rewrite,19,loadMs,108.7000,107.6000,109.6500,105.1000,113.8750,270,0.000000
fiord,step-19-tile_rewrite,19,fps,2330.0445,2273.9558,2434.2159,2144.9010,2702.4979,270,0.000000
icgc-fosc,step-00-baseline,0,loadMs,576.4000,533.7000,632.5000,446.2000,693.0000,54,
icgc-fosc,step-00-baseline,0,fps,585.4221,535.9735,620.8666,486.3736,657.5383,54,
icgc-fosc,step-01-simplify_unary,1,loadMs,562.6000,512.3000,655.4500,478.1250,697.8500,54,0.332716
icgc-fosc,step-01-simplify_unary,1,fps,569.7606,542.7515,595.5781,473.2682,651.9953,54,0.198015
icgc-fosc,step-03-constant_fold,3,loadMs,596.6500,530.9000,700.2000,443.5750,737.2750,54,0.000450
icgc-fosc,step-03-constant_fold,3,fps,566.8106,515.5173,597.7368,461.8923,639.6709,54,0.009198
icgc-fosc,step-05-simplify_expressions,5,loadMs,597.8000,532.0000,697.7000,449.3500,746.4000,54,0.000079
icgc-fosc,step-05-simplify_expressions,5,fps,585.6983,546.6104,605.8367,479.1998,663.4345,54,0.124312
icgc-fosc,step-06-strip_defaults,6,loadMs,588.6500,538.9500,697.5500,451.9000,740.0500,54,0.004085
icgc-fosc,step-06-strip_defaults,6,fps,559.5389,528.6749,601.9927,486.6862,661.7491,54,0.087427
icgc-fosc,step-07-minify_colors,7,loadMs,586.5000,556.3500,684.8000,439.4250,740.0500,54,0.001509
icgc-fosc,step-07-minify_colors,7,fps,579.7404,524.0402,619.3936,472.0420,660.1332,54,0.130765
icgc-fosc,step-08-strip_metadata,8,loadMs,577.8000,525.0500,687.9500,462.2750,743.9250,54,0.000436
icgc-fosc,step-08-strip_metadata,8,fps,585.9809,520.2527,597.4322,461.1900,638.2420,54,0.161765
icgc-fosc,step-09-dead_elimination,9,loadMs,645.5000,572.3500,715.3500,437.8250,770.8000,54,0.001021
icgc-fosc,step-09-dead_elimination,9,fps,574.6511,524.7338,620.9389,468.0612,665.0558,54,0.714414
icgc-fosc,step-12-metadata_refinement_paint,12,loadMs,634.0500,525.7000,713.1500,432.1750,746.3500,54,0.003015
icgc-fosc,step-12-metadata_refinement_paint,12,fps,564.1264,526.1503,594.0433,431.0699,665.5843,54,0.122217
icgc-fosc,step-14-cleanup,14,loadMs,578.4000,508.6500,671.3500,423.8500,724.8500,54,0.180605
icgc-fosc,step-14-cleanup,14,fps,634.4578,591.2036,726.2429,509.7417,749.8645,54,0.000015
icgc-gris,step-00-baseline,0,loadMs,1215.6500,1148.3000,1253.7000,1073.8250,1312.4000,54,
icgc-gris,step-00-baseline,0,fps,291.1170,224.0340,328.8646,182.1591,382.2135,54,
icgc-gris,step-01-simplify_unary,1,loadMs,1200.7000,1157.4500,1242.3500,1052.6000,1376.8500,54,0.982826
icgc-gris,step-01-simplify_unary,1,fps,297.2170,238.5119,322.2209,149.8979,376.8049,54,0.773008
icgc-gris,step-03-constant_fold,3,loadMs,1202.6500,1152.4000,1257.2500,1100.7000,1408.9750,54,0.164360
icgc-gris,step-03-constant_fold,3,fps,275.5754,233.0428,311.7209,173.4225,347.4166,54,0.766426
icgc-gris,step-05-simplify_expressions,5,loadMs,1194.4000,1137.5000,1337.0500,1036.6500,1471.3750,54,0.328441
icgc-gris,step-05-simplify_expressions,5,fps,257.6893,223.8428,311.2640,170.0319,368.7974,54,0.846387
icgc-gris,step-06-strip_defaults,6,loadMs,1179.7500,1122.1500,1220.9500,1041.0500,1376.4250,54,0.596437
icgc-gris,step-06-strip_defaults,6,fps,279.2794,234.4299,341.4766,192.1272,399.9578,54,0.608435
icgc-gris,step-07-minify_colors,7,loadMs,1175.6000,1117.4500,1237.1500,1022.2000,1327.0500,54,0.415837
icgc-gris,step-07-minify_colors,7,fps,282.8201,251.0535,325.7586,197.7715,392.2366,54,0.645052
icgc-gris,step-08-strip_metadata,8,loadMs,1187.0500,1108.8500,1225.0500,1050.3250,1340.3500,54,0.345774
icgc-gris,step-08-strip_metadata,8,fps,301.0535,255.9282,345.5982,208.7838,434.2792,54,0.159199
icgc-gris,step-09-dead_elimination,9,loadMs,1176.5000,1136.8000,1269.8000,1046.3500,1381.5000,54,0.617501
icgc-gris,step-09-dead_elimination,9,fps,315.1957,266.6727,348.1444,223.3582,393.6482,54,0.082748
icgc-gris,step-12-metadata_refinement_paint,12,loadMs,1197.6000,1093.2000,1242.4500,1015.6500,1337.6750,54,0.118110
icgc-gris,step-12-metadata_refinement_paint,12,fps,311.6488,259.5694,338.6881,217.2686,427.8006,54,0.226380
icgc-gris,step-14-cleanup,14,loadMs,1197.5000,1113.9000,1259.8500,1040.8000,1413.7000,54,0.746784
icgc-gris,step-14-cleanup,14,fps,310.1662,249.0307,348.3731,195.5009,417.7626,54,0.638886
klokan-basic,step-00-baseline,0,loadMs,359.5000,338.2500,369.9000,319.3750,377.0250,54,
klokan-basic,step-00-baseline,0,fps,1060.2124,957.6008,1165.9169,906.8361,1284.6998,54,
klokan-basic,step-01-simplify_unary,1,loadMs,363.8000,345.2500,381.7000,329.6000,398.5750,54,0.163058
klokan-basic,step-01-simplify_unary,1,fps,1070.5697,974.8192,1138.3723,914.0622,1254.4911,54,0.887026
klokan-basic,step-03-constant_fold,3,loadMs,351.5000,343.1000,362.6000,333.5500,367.8000,54,0.975959
klokan-basic,step-03-constant_fold,3,fps,1026.6039,928.5144,1174.4033,868.6765,1327.6069,54,0.853135
klokan-basic,step-05-simplify_expressions,5,loadMs,361.7000,337.7000,371.1500,314.2000,384.4250,54,0.386857
klokan-basic,step-05-simplify_expressions,5,fps,1023.9284,943.8980,1126.5647,888.2434,1293.7401,54,0.144446
klokan-basic,step-06-strip_defaults,6,loadMs,356.2000,336.6000,375.3500,313.0000,384.4500,54,0.472166
klokan-basic,step-06-strip_defaults,6,fps,1040.0663,954.9016,1204.9023,893.6650,1331.5278,54,0.246834
klokan-basic,step-07-minify_colors,7,loadMs,351.3500,336.3500,368.5500,323.9750,387.7250,54,0.584551
klokan-basic,step-07-minify_colors,7,fps,1014.0631,939.6820,1193.8330,876.7721,1309.6294,54,0.989695
liberty,step-00-baseline,0,loadMs,492.9500,469.8500,534.6500,343.2250,609.2250,270,
liberty,step-00-baseline,0,fps,646.1291,618.8101,675.9160,474.8476,879.5554,270,
liberty,step-01-simplify_unary,1,loadMs,491.5500,473.9500,537.8500,343.3250,613.8500,270,0.859544
liberty,step-01-simplify_unary,1,fps,648.4532,621.1079,675.8978,472.1100,868.8429,270,0.515331
liberty,step-04-constant_fold_stats,4,loadMs,488.6000,466.2000,523.7000,340.2750,603.7250,270,0.000002
liberty,step-04-constant_fold_stats,4,fps,645.5826,620.4795,675.0006,477.4657,864.2274,270,0.807149
liberty,step-05-simplify_expressions,5,loadMs,551.0000,516.8000,599.5000,349.3750,665.1000,270,0.000000
liberty,step-05-simplify_expressions,5,fps,622.7277,600.8921,646.2018,460.2995,878.0865,270,0.000000
liberty,step-06-strip_defaults,6,loadMs,547.4500,522.0500,594.8038,350.6250,667.8750,270,0.000000
liberty,step-06-strip_defaults,6,fps,628.1922,603.8448,654.1233,460.3737,885.9567,270,0.000000
liberty,step-07-minify_colors,7,loadMs,546.0500,522.2987,597.2000,350.9500,669.2250,270,0.000000
liberty,step-07-minify_colors,7,fps,629.1189,607.4831,663.8637,464.3195,888.3219,270,0.000000
liberty,step-15-layer_merge,15,loadMs,542.1000,517.7500,590.4000,345.4750,667.6250,270,0.000000
liberty,step-15-layer_merge,15,fps,649.4506,626.0787,667.9861,478.2038,893.0645,270,0.340755
liberty,step-16-selectivity_reorder,16,loadMs,539.0500,516.4000,585.9000,349.0250,653.8750,270,0.000000
liberty,step-16-selectivity_reorder,16,fps,647.6648,609.6084,672.9984,475.0522,880.6436,270,0.015011
liberty,step-17-tile_shave_only,17,loadMs,125.3000,124.3000,126.3000,122.3000,129.5000,195,0.000000
liberty,step-17-tile_shave_only,17,fps,2206.1419,2025.2968,2258.7233,1742.1842,2314.7197,195,0.000000
liberty,step-18-tile_shave,18,loadMs,123.5000,122.7000,124.2000,121.1000,126.9000,195,0.000000
liberty,step-18-tile_shave,18,fps,2225.6629,2050.9122,2262.7834,1742.5858,2338.3938,195,0.000000
liberty,step-19-tile_rewrite,19,loadMs,123.5000,122.7000,124.4000,120.6000,127.9500,195,0.000000
liberty,step-19-tile_rewrite,19,fps,2022.0617,1903.2403,2103.3939,1622.3651,2249.1758,195,0.000000
osm-bright,step-00-baseline,0,loadMs,525.4000,449.8500,554.6000,410.4750,584.3750,54,
osm-bright,step-00-baseline,0,fps,638.9696,591.7663,744.1127,513.4690,893.8180,54,
osm-bright,step-01-simplify_unary,1,loadMs,554.1000,464.7000,584.7000,412.8000,624.9750,54,0.012679
osm-bright,step-01-simplify_unary,1,fps,616.1569,586.4400,748.7351,520.2724,913.3281,54,0.714414
osm-bright,step-03-constant_fold,3,loadMs,576.1000,494.1500,661.2500,422.0000,688.1500,54,0.000000
osm-bright,step-03-constant_fold,3,fps,618.9933,571.0274,735.0548,521.9540,894.1230,54,0.420788
osm-bright,step-05-simplify_expressions,5,loadMs,576.8500,497.0500,668.8500,429.1500,692.6750,54,0.000005
osm-bright,step-05-simplify_expressions,5,fps,627.2873,596.8174,719.5000,518.0347,887.1223,54,0.213435
osm-bright,step-06-strip_defaults,6,loadMs,603.9500,506.8500,667.1500,440.9750,696.0750,54,0.000043
osm-bright,step-06-strip_defaults,6,fps,644.4398,562.3906,763.8600,529.3057,946.0329,54,0.000171
osm-bright,step-07-minify_colors,7,loadMs,574.0000,488.4500,648.1000,421.4500,690.4750,54,0.000002
osm-bright,step-07-minify_colors,7,fps,625.2172,581.4174,707.8091,520.1126,921.7701,54,0.061107
osm-liberty,step-00-baseline,0,loadMs,483.5000,420.9000,538.8000,391.9250,588.7750,54,
osm-liberty,step-00-baseline,0,fps,561.7360,518.8535,639.9344,364.9911,821.0835,54,
osm-liberty,step-01-simplify_unary,1,loadMs,469.9000,431.7500,551.3000,361.5500,599.2250,54,0.086631
osm-liberty,step-01-simplify_unary,1,fps,561.0894,523.8447,649.7430,357.2101,833.7587,54,0.746784
osm-liberty,step-03-constant_fold,3,loadMs,519.2500,442.2000,616.5000,365.3750,656.0000,54,0.003661
osm-liberty,step-03-constant_fold,3,fps,549.9888,497.3449,628.7778,352.0673,861.5514,54,0.451213
osm-liberty,step-05-simplify_expressions,5,loadMs,522.0500,453.0000,621.5500,366.8250,651.1250,54,0.000171
osm-liberty,step-05-simplify_expressions,5,fps,525.6186,507.2908,634.8523,354.0596,868.5023,54,0.104584
osm-liberty,step-06-strip_defaults,6,loadMs,530.1000,452.2000,617.4000,362.8500,656.9250,54,0.004553
osm-liberty,step-06-strip_defaults,6,fps,541.1260,499.7370,629.5825,370.1579,860.3859,54,0.773008
osm-liberty,step-07-minify_colors,7,loadMs,512.2500,438.6500,631.1500,371.5000,654.6750,54,0.004141
osm-liberty,step-07-minify_colors,7,fps,540.1918,505.0380,642.8028,356.2836,870.2792,54,0.996565
positron,step-00-baseline,0,loadMs,419.4000,380.9000,465.9000,330.2000,500.2000,53,
positron,step-00-baseline,0,fps,826.9739,747.0402,892.3762,705.9382,1060.9888,53,
positron,step-01-simplify_unary,1,loadMs,429.1000,387.2500,480.5000,319.5500,530.3000,54,0.839525
positron,step-01-simplify_unary,1,fps,814.4864,763.5061,938.3710,706.9892,1046.1197,54,0.992543
positron,step-05-simplify_expressions,5,loadMs,438.0000,381.9000,478.6500,312.0000,578.3000,54,0.692359
positron,step-05-simplify_expressions,5,fps,819.9852,758.8829,884.0499,721.7822,1041.1932,54,0.972662
positron,step-06-strip_defaults,6,loadMs,432.7000,401.8500,459.6500,339.1250,596.6000,54,0.518999
positron,step-06-strip_defaults,6,fps,820.4615,784.1733,916.2934,707.6635,1034.2870,54,0.937920
positron,step-07-minify_colors,7,loadMs,437.3000,391.6500,476.7500,318.6500,539.9500,54,0.717809
positron,step-07-minify_colors,7,fps,806.8243,766.8472,906.2206,726.1068,1008.8685,54,0.942877
stadia-outdoors,step-00-baseline,0,loadMs,513.2500,446.9000,585.1500,420.8000,662.7750,54,
stadia-outdoors,step-00-baseline,0,fps,586.4978,508.4098,618.4864,476.7058,738.3790,54,
stadia-outdoors,step-01-simplify_unary,1,loadMs,515.9500,462.7000,550.5500,412.8750,644.4500,54,0.220158
stadia-outdoors,step-01-simplify_unary,1,fps,583.9126,551.5728,648.5774,476.8679,705.9895,54,0.272291
stadia-outdoors,step-03-constant_fold,3,loadMs,579.9500,504.1000,606.0000,460.2250,663.0250,54,0.000582
stadia-outdoors,step-03-constant_fold,3,fps,599.4768,574.0914,667.8199,496.0138,737.8152,54,0.085844
stadia-outdoors,step-05-simplify_expressions,5,loadMs,590.1000,498.0500,626.5500,455.1000,649.9500,54,0.003465
stadia-outdoors,step-05-simplify_expressions,5,fps,594.3064,553.6865,691.8910,492.2167,755.6873,54,0.118110
stadia-outdoors,step-06-strip_defaults,6,loadMs,550.6000,496.5500,602.6000,445.8000,650.3250,54,0.004085
stadia-outdoors,step-06-strip_defaults,6,fps,603.1252,553.5209,707.0165,500.6455,809.4737,54,0.000903
stadia-outdoors,step-07-minify_colors,7,loadMs,592.6000,501.4500,626.2500,440.8250,659.2250,54,0.029056
stadia-outdoors,step-07-minify_colors,7,fps,608.0506,556.1799,708.7319,498.7679,796.2719,54,0.003015
stadia-outdoors,step-08-strip_metadata,8,loadMs,570.6000,485.2500,616.8500,434.0750,648.8750,54,0.040861
stadia-outdoors,step-08-strip_metadata,8,fps,615.8112,594.5795,710.4647,516.9315,840.2891,54,0.002337
stadia-outdoors,step-09-dead_elimination,9,loadMs,577.6500,492.0500,638.8500,436.1750,662.7250,54,0.023810
stadia-outdoors,step-09-dead_elimination,9,fps,637.8820,573.5331,710.1886,499.7791,793.2882,54,0.016879
stadia-outdoors,step-12-metadata_refinement_paint,12,loadMs,587.9500,516.3000,644.8500,433.3500,713.9000,54,0.002023
stadia-outdoors,step-12-metadata_refinement_paint,12,fps,600.8984,560.9144,710.1607,457.2310,785.5598,54,0.093996
stadia-outdoors,step-14-cleanup,14,loadMs,598.6500,514.8500,657.2500,428.0500,705.9000,54,0.000704
stadia-outdoors,step-14-cleanup,14,fps,606.8915,541.6687,715.6028,481.0505,773.7293,54,0.116098
stadia-outdoors,step-15-layer_merge,15,loadMs,563.3000,487.7500,647.0000,444.5250,695.9750,54,0.001360
stadia-outdoors,step-15-layer_merge,15,fps,627.9013,564.6314,712.1499,492.5058,814.8474,54,0.033087
toner,step-00-baseline,0,loadMs,383.8500,368.0000,401.3000,352.0250,434.6500,54,
toner,step-00-baseline,0,fps,1223.1686,1140.6844,1303.7315,1060.1374,1343.6157,54,
toner,step-01-simplify_unary,1,loadMs,361.9000,340.9500,388.2000,324.5000,411.6250,54,0.000047
toner,step-01-simplify_unary,1,fps,1230.7118,1179.6257,1272.7847,1062.3345,1325.3021,54,0.295496
toner,step-03-constant_fold,3,loadMs,354.3500,335.3500,370.0000,318.1750,393.0250,54,0.000003
toner,step-03-constant_fold,3,fps,1201.7497,1123.6263,1278.6988,1055.3548,1318.7556,54,0.164362
toner,step-05-simplify_expressions,5,loadMs,358.6000,336.4500,379.1000,306.4500,402.2250,54,0.000048
toner,step-05-simplify_expressions,5,fps,1215.6719,1184.4820,1263.6118,1044.6747,1335.5981,54,0.948511
toner,step-06-strip_defaults,6,loadMs,363.1500,346.4500,387.7000,325.5250,412.7750,54,0.002337
toner,step-06-strip_defaults,6,fps,1229.8576,1143.0531,1307.4836,1062.3646,1348.4552,54,0.122217
toner,step-07-minify_colors,7,loadMs,350.4500,335.3500,381.9500,313.6250,403.6250,54,0.000016
toner,step-07-minify_colors,7,fps,1267.1620,1167.7665,1333.3145,1083.8187,1386.8716,54,0.180607
